Workbook
Name _mc2: 'R8.1a1'!$B$19
Name _mc2: 'R8.1a2'!$B$18
Name _mc2: 'R8.1b2'!$B$18
Name _mc2: 'R8.1b1'!$B$18
Name _mc3: 'R8.1a1'!$B$22
Name _mc3: 'R8.1a2'!$B$21
Name _mc3: 'R8.1b2'!$B$21
Name _mc3: 'R8.1b1'!$B$21
Name _mc4: 'R8.1a1'!$B$25
Name _mc4: 'R8.1a2'!$B$24
Name _mc4: 'R8.1b2'!$B$24
Name _mc4: 'R8.1b1'!$B$24
Name _mk2: 'R8.1a1'!$B$20
Name _mk2: 'R8.1a2'!$B$19
Name _mk2: 'R8.1b2'!$B$19
Name _mk2: 'R8.1b1'!$B$19
Name _mk3: 'R8.1a1'!$B$23
Name _mk3: 'R8.1a2'!$B$22
Name _mk3: 'R8.1b2'!$B$22
Name _mk3: 'R8.1b1'!$B$22
Name _mk4: 'R8.1a1'!$B$26
Name _mk4: 'R8.1a2'!$B$25
Name _mk4: 'R8.1b2'!$B$25
Name _mk4: 'R8.1b1'!$B$25
Name dados: 'R8.6'!$A$4:$T$28
Name n: 'R8.1a1'!$B$11
Name n: 'R8.1a2'!$B$10
Name n: 'R8.1b2'!$B$10
Name n: 'R8.1b1'!$B$10

Sheet 8.1
A1: Turma 1 | B1: 64 | C1: 81 | D1: 62 | E1: 77 | F1: 76
A2: Turma 2 | B2: 88 | C2: 75 | D2: 62 | E2: 86 | F2: 65 | G2: 86

Sheet 8.2
A1: 0 | B1: 0 | C1: 2 | D1: 0 | E1: 0 | F1: 0 | G1: 3 | H1: 3 | I1: 0 | J1: 0
A2: 1 | B2: 8 | C2: 5 | D2: 0 | E2: 0 | F2: 4 | G2: 3 | H2: 0 | I2: 6 | J2: 2
A3: 2 | B3: 3 | C3: 1 | D3: 1 | E3: 0 | F3: 1 | G3: 0 | H3: 1 | I3: 1 | J3: 0
A4: 0 | B4: 2 | C4: 0 | D4: 0 | E4: 0 | F4: 1 | G4: 2 | H4: 1 | I4: 2 | J4: 0
A5: 0 | B5: 1 | C5: 6 | D5: 4 | E5: 3 | F5: 3 | G5: 1 | H5: 2 | I5: 4 | J5: 0
A6: 0 | B6: 3 | C6: 1 | D6: 2 | E6: 0 | F6: 0 | G6: 0 | H6: 0 | I6: 0 | J6: 1
A7: 1 | B7: 0 | C7: 2 | D7: 0 | E7: 2 | F7: 4 | G7: 4 | H7: 0 | I7: 2 | J7: 2

Sheet 8.3
A1: 752 | B1: 755 | C1: 725 | D1: 753 | E1: 764 | F1: 738 | G1: 757 | H1: 744 | I1: 747 | J1: 754
A2: 741 | B2: 750 | C2: 757 | D2: 745 | E2: 754 | F2: 750 | G2: 729 | H2: 742 | I2: 754 | J2: 747
A3: 755 | B3: 736 | C3: 744 | D3: 753 | E3: 721 | F3: 738 | G3: 732 | H3: 752 | I3: 745 | J3: 758
A4: 740 | B4: 751 | C4: 746 | D4: 736 | E4: 741 | F4: 748 | G4: 735 | H4: 747 | I4: 727 | J4: 750
A5: 743 | B5: 750 | C5: 732 | D5: 749 | E5: 745 | F5: 736 | G5: 733 | H5: 741 | I5: 749 | J5: 743
A6: 748 | B6: 749 | C6: 737 | D6: 737 | E6: 749 | F6: 740 | G6: 724 | H6: 753 | I6: 738 | J6: 752
A7: 747 | B7: 735 | C7: 743 | D7: 751 | E7: 726 | F7: 749 | G7: 741 | H7: 751 | I7: 745 | J7: 754
A8: 753 | B8: 745 | C8: 749 | D8: 731 | E8: 746 | F8: 737 | G8: 741 | H8: 728 | I8: 750 | J8: 747
A9: 747 | B9: 740 | C9: 741 | D9: 730 | E9: 739 | F9: 754 | G9: 739 | H9: 744 | I9: 755 | J9: 748
A10: 759 | B10: 750 | C10: 756 | D10: 740 | E10: 745 | F10: 742 | G10: 730 | H10: 736 | I10: 750 | J10: 754

Sheet 8.4
A1: 93 | B1: 76 | C1: 68 | D1: 84 | E1: 75 | F1: 82 | G1: 68 | H1: 90 | I1: 62 | J1: 88 | K1: 75 | L1: 85
A2: 73 | B2: 79 | C2: 88 | D2: 73 | E2: 60 | F2: 93 | G2: 71 | H2: 59 | I2: 72 | J2: 63 | K2: 61 | L2: 65
A3: 75 | B3: 87 | C3: 74 | D3: 62 | E3: 95 | F3: 78 | G3: 60 | H3: 68 | I3: 66 | J3: 78 | K3: 82 | L3: 75
A4: 94 | B4: 77 | C4: 69 | D4: 74 | E4: 71 | F4: 74 | G4: 53 | H4: 65 | I4: 80 | J4: 73 | K4: 57 | L4: 89
A5: 74 | B5: 65 | C5: 63 | D5: 72 | E5: 81 | F5: 83 | G5: 57 | H5: 64 | I5: 59 | J5: 76 | K5: 72 | L5: 60

Sheet 8.5
A1: Idade | B1: 17 | C1: 18 | D1: 19 | E1: 20 | F1: 21 | G1: 22 | H1: 23 | I1: 24 | J1: 25 | K1: 26 | L1: 27
A2: Frequência (turma 1) | B2: 0 | C2: 4 | D2: 4 | E2: 6 | F2: 12 | G2: 10 | H2: 8 | I2: 0 | J2: 0 | K2: 0 | L2: 0
A3: Frequência (turma 2) | B3: 4 | C3: 6 | D3: 6 | E3: 8 | F3: 10 | G3: 3 | H3: 3 | I3: 2 | J3: 1 | K3: 0 | L3: 1

Sheet R8.1a1
A1: Ficha de Trabalho 8 - Estatística Descritiva
A2: 8.1 a) | C2: Dados desagrupados; População;
A4: Turma 1 | G4: S
A5: xi | B5: ='8.1'!B1 -> 64 | C5: ='8.1'!C1 -> 81 | D5: ='8.1'!D1 -> 62 | E5: ='8.1'!E1 -> 77 | F5: ='8.1'!F1 -> 76 | G5: =SUM(B5:F5) -> 360
A6: xi-m | B6: =B5-$B$16 -> -8 | C6: =C5-$B$16 -> 9 | D6: =D5-$B$16 -> -10 | E6: =E5-$B$16 -> 5 | F6: =F5-$B$16 -> 4 | G6: =SUM(B6:F6) -> 0
A7: (xi-m)2 | B7: =B6^2 -> 64 | C7: =C6^2 -> 81 | D7: =D6^2 -> 100 | E7: =E6^2 -> 25 | F7: =F6^2 -> 16 | G7: =SUM(B7:F7) -> 286
A8: (xi-m)3 | B8: =B6^3 -> -512 | C8: =C6^3 -> 729 | D8: =D6^3 -> -1000 | E8: =E6^3 -> 125 | F8: =F6^3 -> 64 | G8: =SUM(B8:F8) -> -594
A9: (xi-m)4 | B9: =B6^4 -> 4096 | C9: =C6^4 -> 6561 | D9: =D6^4 -> 10000 | E9: =E6^4 -> 625 | F9: =F6^4 -> 256 | G9: =SUM(B9:F9) -> 21538
A11: n | B11: =COUNT(B5:F5) -> 5
A12: h | B12: =MEDIAN(B5:F5) -> 76
A13: Med | B13: =B12 -> 76
A14: z | B14: -
A15: Moda | B15: -
A16: m | B16: =G5/B11 -> 72
A17: x | B17: =B16 -> 72
A18: m2 | B18: =G7/$B$11 -> 57.2
A19: m2 | B19: =B18 -> 57.2
A20: k2 | B20: =n/(n-1)*B19 -> 71.5 | C20: (=s2)
A21: m3 | B21: =G8/$B$11 -> -118.8
A22: m3 | B22: =B21 -> -118.8
A23: k3 | B23: =n^2/((n-1)*(n-2))*_mc3 -> -247.5
A24: m4 | B24: =G9/$B$11 -> 4307.6
A25: m4 | B25: =B24 -> 4307.6
A26: k4 | B26: =n*(n^2-2*n+3)/((n-1)*(n-2)*(n-3))*_mc4-3*n*(2*n-3)/((n-1)*(n-2)*(n-3))*_mc2^2 -> 1839.2
A27: t | B27: =B21/B18^1.5 -> -0.27461383
A28: CA | B28: =B27 -> -0.27461383
A29: CA' | B29: =_mk3/_mk2^1.5 -> -0.40937012
A30: CA'' | B30: =SQRT(n*(n-1))/(n-2)*B27 -> -0.40937012
A31: k | B31: =B24/B18^2-3 -> -1.683432
A32: CK | B32: =B31 -> -1.683432
A33: CK' | B33: =_mk4/_mk2^2-3 -> -2.6402367
A34: CK'' | B34: =(n-1)/((n-2)*(n-3))*((n+1)*B31+6) -> -2.7337278

Sheet R8.1a2
A1: 8.1 a) | C1: Dados desagrupados; População;
A3: Turma 1 | H3: S
A4: xi | B4: ='8.1'!B2 -> 88 | C4: ='8.1'!C2 -> 75 | D4: ='8.1'!D2 -> 62 | E4: ='8.1'!E2 -> 86 | F4: ='8.1'!F2 -> 65 | G4: ='8.1'!G2 -> 86 | H4: =SUM(B4:G4) -> 462
A5: xi-m | B5: =B4-$B$15 -> 11 | C5: =C4-$B$15 -> -2 | D5: =D4-$B$15 -> -15 | E5: =E4-$B$15 -> 9 | F5: =F4-$B$15 -> -12 | G5: =G4-$B$15 -> 9 | H5: =SUM(B5:G5) -> 0
A6: (xi-m)2 | B6: =B5^2 -> 121 | C6: =C5^2 -> 4 | D6: =D5^2 -> 225 | E6: =E5^2 -> 81 | F6: =F5^2 -> 144 | G6: =G5^2 -> 81 | H6: =SUM(B6:G6) -> 656
A7: (xi-m)3 | B7: =B5^3 -> 1331 | C7: =C5^3 -> -8 | D7: =D5^3 -> -3375 | E7: =E5^3 -> 729 | F7: =F5^3 -> -1728 | G7: =G5^3 -> 729 | H7: =SUM(B7:G7) -> -2322
A8: (xi-m)4 | B8: =B5^4 -> 14641 | C8: =C5^4 -> 16 | D8: =D5^4 -> 50625 | E8: =E5^4 -> 6561 | F8: =F5^4 -> 20736 | G8: =G5^4 -> 6561 | H8: =SUM(B8:G8) -> 99140
A10: n | B10: =COUNT(B4:G4) -> 6
A11: h | B11: =MEDIAN(B4:G4) -> 80.5
A12: Med | B12: =B11 -> 80.5
A13: z | B13: -
A14: Moda | B14: -
A15: m | B15: =H4/B10 -> 77
A16: x | B16: =B15 -> 77
A17: m2 | B17: =H6/$B$10 -> 109.33333
A18: m2 | B18: =B17 -> 109.33333
A19: k2 | B19: =n/(n-1)*B18 -> 131.2 | C19: (=s2)
A20: m3 | B20: =H7/$B$10 -> -387
A21: m3 | B21: =B20 -> -387
A22: k3 | B22: =n^2/((n-1)*(n-2))*_mc3 -> -696.6
A23: m4 | B23: =H8/$B$10 -> 16523.333
A24: m4 | B24: =B23 -> 16523.333
A25: k4 | B25: =n*(n^2-2*n+3)/((n-1)*(n-2)*(n-3))*_mc4-3*n*(2*n-3)/((n-1)*(n-2)*(n-3))*_mc2^2 -> 12337.8
A26: t | B26: =B20/B17^1.5 -> -0.33851825
A27: CA | B27: =B26 -> -0.33851825
A28: CA' | B28: =_mk3/_mk2^1.5 -> -0.4635352
A29: CA'' | B29: =SQRT(n*(n-1))/(n-2)*B26 -> -0.4635352
A30: k | B30: =B23/B17^2-3 -> -1.6177313
A31: CK | B31: =B30 -> -1.6177313
A32: CK' | B32: =_mk4/_mk2^2-3 -> -2.2832461
A33: CK'' | B33: =(n-1)/((n-2)*(n-3))*((n+1)*B30+6) -> -2.2183828

Sheet R8.1b1
A1: 8.1 b) | C1: Dados desagrupados; Amostra;
A3: Turma 1 | G3: S
A4: xi | B4: ='8.1'!B1 -> 64 | C4: ='8.1'!C1 -> 81 | D4: ='8.1'!D1 -> 62 | E4: ='8.1'!E1 -> 77 | F4: ='8.1'!F1 -> 76 | G4: =SUM(B4:F4) -> 360
A5: xi-m | B5: =B4-$B$15 -> -8 | C5: =C4-$B$15 -> 9 | D5: =D4-$B$15 -> -10 | E5: =E4-$B$15 -> 5 | F5: =F4-$B$15 -> 4 | G5: =SUM(B5:F5) -> 0
A6: (xi-m)2 | B6: =B5^2 -> 64 | C6: =C5^2 -> 81 | D6: =D5^2 -> 100 | E6: =E5^2 -> 25 | F6: =F5^2 -> 16 | G6: =SUM(B6:F6) -> 286
A7: (xi-m)3 | B7: =B5^3 -> -512 | C7: =C5^3 -> 729 | D7: =D5^3 -> -1000 | E7: =E5^3 -> 125 | F7: =F5^3 -> 64 | G7: =SUM(B7:F7) -> -594
A8: (xi-m)4 | B8: =B5^4 -> 4096 | C8: =C5^4 -> 6561 | D8: =D5^4 -> 10000 | E8: =E5^4 -> 625 | F8: =F5^4 -> 256 | G8: =SUM(B8:F8) -> 21538
A10: n | B10: =COUNT(B4:F4) -> 5
A11: h | B11: =MEDIAN(B4:F4) -> 76
A12: Med | B12: =B11 -> 76
A13: z | B13: -
A14: Moda | B14: -
A15: m | B15: =G4/B10 -> 72
A16: x | B16: =B15 -> 72
A17: m2 | B17: =G6/$B$10 -> 57.2
A18: m2 | B18: =B17 -> 57.2
A19: k2 | B19: =n/(n-1)*B18 -> 71.5 | C19: (=s2)
A20: m3 | B20: =G7/$B$10 -> -118.8
A21: m3 | B21: =B20 -> -118.8
A22: k3 | B22: =n^2/((n-1)*(n-2))*_mc3 -> -247.5
A23: m4 | B23: =G8/$B$10 -> 4307.6
A24: m4 | B24: =B23 -> 4307.6
A25: k4 | B25: =n*(n^2-2*n+3)/((n-1)*(n-2)*(n-3))*_mc4-3*n*(2*n-3)/((n-1)*(n-2)*(n-3))*_mc2^2 -> 1839.2
A26: t | B26: =B20/B17^1.5 -> -0.27461383
A27: CA | B27: =B26 -> -0.27461383
A28: CA' | B28: =_mk3/_mk2^1.5 -> -0.40937012
A29: CA'' | B29: =SQRT(n*(n-1))/(n-2)*B26 -> -0.40937012
A30: k | B30: =B23/B17^2-3 -> -1.683432
A31: CK | B31: =B30 -> -1.683432
A32: CK' | B32: =_mk4/_mk2^2-3 -> -2.6402367
A33: CK'' | B33: =(n-1)/((n-2)*(n-3))*((n+1)*B30+6) -> -2.7337278

Sheet R8.1b2
A1: 8.1 a) | C1: Dados desagrupados; Amostra;
A3: Turma 2 | H3: S
A4: xi | B4: ='8.1'!B2 -> 88 | C4: ='8.1'!C2 -> 75 | D4: ='8.1'!D2 -> 62 | E4: ='8.1'!E2 -> 86 | F4: ='8.1'!F2 -> 65 | G4: ='8.1'!G2 -> 86 | H4: =SUM(B4:G4) -> 462
A5: xi-m | B5: =B4-$B$15 -> 11 | C5: =C4-$B$15 -> -2 | D5: =D4-$B$15 -> -15 | E5: =E4-$B$15 -> 9 | F5: =F4-$B$15 -> -12 | G5: =G4-$B$15 -> 9 | H5: =SUM(B5:G5) -> 0
A6: (xi-m)2 | B6: =B5^2 -> 121 | C6: =C5^2 -> 4 | D6: =D5^2 -> 225 | E6: =E5^2 -> 81 | F6: =F5^2 -> 144 | G6: =G5^2 -> 81 | H6: =SUM(B6:G6) -> 656
A7: (xi-m)3 | B7: =B5^3 -> 1331 | C7: =C5^3 -> -8 | D7: =D5^3 -> -3375 | E7: =E5^3 -> 729 | F7: =F5^3 -> -1728 | G7: =G5^3 -> 729 | H7: =SUM(B7:G7) -> -2322
A8: (xi-m)4 | B8: =B5^4 -> 14641 | C8: =C5^4 -> 16 | D8: =D5^4 -> 50625 | E8: =E5^4 -> 6561 | F8: =F5^4 -> 20736 | G8: =G5^4 -> 6561 | H8: =SUM(B8:G8) -> 99140
A10: n | B10: =COUNT(B4:G4) -> 6
A11: h | B11: =MEDIAN(B4:G4) -> 80.5
A12: Med | B12: =B11 -> 80.5
A13: z | B13: -
A14: Moda | B14: -
A15: m | B15: =H4/B10 -> 77
A16: x | B16: =B15 -> 77
A17: m2 | B17: =H6/$B$10 -> 109.33333
A18: m2 | B18: =B17 -> 109.33333
A19: k2 | B19: =n/(n-1)*B18 -> 131.2 | C19: (=s2)
A20: m3 | B20: =H7/$B$10 -> -387
A21: m3 | B21: =B20 -> -387
A22: k3 | B22: =n^2/((n-1)*(n-2))*_mc3 -> -696.6
A23: m4 | B23: =H8/$B$10 -> 16523.333
A24: m4 | B24: =B23 -> 16523.333
A25: k4 | B25: =n*(n^2-2*n+3)/((n-1)*(n-2)*(n-3))*_mc4-3*n*(2*n-3)/((n-1)*(n-2)*(n-3))*_mc2^2 -> 12337.8
A26: t | B26: =B20/B17^1.5 -> -0.33851825
A27: CA | B27: =B26 -> -0.33851825
A28: CA' | B28: =_mk3/_mk2^1.5 -> -0.4635352
A29: CA'' | B29: =SQRT(n*(n-1))/(n-2)*B26 -> -0.4635352
A30: k | B30: =B23/B17^2-3 -> -1.6177313
A31: CK | B31: =B30 -> -1.6177313
A32: CK' | B32: =_mk4/_mk2^2-3 -> -2.2832461
A33: CK'' | B33: =(n-1)/((n-2)*(n-3))*((n+1)*B30+6) -> -2.2183828

Sheet R8.2
A1: 8.2 | D1: Dados discretos; Amostra;
A3: xk | C3: Fk | D3: fk | E3: F'k | F3: f'k | G3: fk.xk | H3: fk.xk2 | I3: fk.xk3 | J3: fk.xk4
A4: 0 | B4: =CONCATENATE("=",A4) -> =0 | C4: =COUNTIFS('8.2'!$A$1:$J$7,'R8.2'!B4) -> 29 | D4: =C4/$C$12 -> 0.41428571 | E4: =C4 -> 29 | F4: =D4 -> 0.41428571 | G4: =A4*D4 -> 0 | H4: =A4^2*D4 -> 0 | I4: =A4^3*D4 -> 0 | J4: =A4^4*D4 -> 0
A5: 1 | B5: =CONCATENATE("=",A5) -> =1 | C5: =COUNTIFS('8.2'!$A$1:$J$7,'R8.2'!B5) -> 13 | D5: =C5/$C$12 -> 0.18571429 | E5: =C5+E4 -> 42 | F5: =D5+F4 -> 0.6 | G5: =A5*D5 -> 0.18571429 | H5: =A5^2*D5 -> 0.18571429 | I5: =A5^3*D5 -> 0.18571429 | J5: =A5^4*D5 -> 0.18571429
A6: 2 | B6: =CONCATENATE("=",A6) -> =2 | C6: =COUNTIFS('8.2'!$A$1:$J$7,'R8.2'!B6) -> 12 | D6: =C6/$C$12 -> 0.17142857 | E6: =C6+E5 -> 54 | F6: =D6+F5 -> 0.77142857 | G6: =A6*D6 -> 0.34285714 | H6: =A6^2*D6 -> 0.68571429 | I6: =A6^3*D6 -> 1.3714286 | J6: =A6^4*D6 -> 2.7428571
A7: 3 | B7: =CONCATENATE("=",A7) -> =3 | C7: =COUNTIFS('8.2'!$A$1:$J$7,'R8.2'!B7) -> 7 | D7: =C7/$C$12 -> 0.1 | E7: =C7+E6 -> 61 | F7: =D7+F6 -> 0.87142857 | G7: =A7*D7 -> 0.3 | H7: =A7^2*D7 -> 0.9 | I7: =A7^3*D7 -> 2.7 | J7: =A7^4*D7 -> 8.1
A8: 4 | B8: =CONCATENATE("=",A8) -> =4 | C8: =COUNTIFS('8.2'!$A$1:$J$7,'R8.2'!B8) -> 5 | D8: =C8/$C$12 -> 0.071428571 | E8: =C8+E7 -> 66 | F8: =D8+F7 -> 0.94285714 | G8: =A8*D8 -> 0.28571429 | H8: =A8^2*D8 -> 1.1428571 | I8: =A8^3*D8 -> 4.5714286 | J8: =A8^4*D8 -> 18.285714
A9: 5 | B9: =CONCATENATE("=",A9) -> =5 | C9: =COUNTIFS('8.2'!$A$1:$J$7,'R8.2'!B9) -> 1 | D9: =C9/$C$12 -> 0.014285714 | E9: =C9+E8 -> 67 | F9: =D9+F8 -> 0.95714286 | G9: =A9*D9 -> 0.071428571 | H9: =A9^2*D9 -> 0.35714286 | I9: =A9^3*D9 -> 1.7857143 | J9: =A9^4*D9 -> 8.9285714
A10: 6 | B10: =CONCATENATE("=",A10) -> =6 | C10: =COUNTIFS('8.2'!$A$1:$J$7,'R8.2'!B10) -> 2 | D10: =C10/$C$12 -> 0.028571429 | E10: =C10+E9 -> 69 | F10: =D10+F9 -> 0.98571429 | G10: =A10*D10 -> 0.17142857 | H10: =A10^2*D10 -> 1.0285714 | I10: =A10^3*D10 -> 6.1714286 | J10: =A10^4*D10 -> 37.028571
A11: 8 | B11: =CONCATENATE("=",A11) -> =8 | C11: =COUNTIFS('8.2'!$A$1:$J$7,'R8.2'!B11) -> 1 | D11: =C11/$C$12 -> 0.014285714 | E11: =C11+E10 -> 70 | F11: =D11+F10 -> 1 | G11: =A11*D11 -> 0.11428571 | H11: =A11^2*D11 -> 0.91428571 | I11: =A11^3*D11 -> 7.3142857 | J11: =A11^4*D11 -> 58.514286
A12: Soma | C12: =SUM(C4:C11) -> 70 | D12: =SUM(D4:D11) -> 1 | G12: =SUM(G4:G11) -> 1.4714286 | H12: =SUM(H4:H11) -> 5.2142857 | I12: =SUM(I4:I11) -> 24.1 | J12: =SUM(J4:J11) -> 133.78571
A23: n | C23: =C12 -> 70
A24: Med | C24: 1
A25: Moda | C25: 0
A26: x | C26: =G12 -> 1.4714286
A27: m'2 | C27: =H12 -> 5.2142857
A28: m'3 | C28: =I12 -> 24.1
A29: m'4 | C29: =J12 -> 133.78571
A30: m2 | C30: =C27-C26^2 -> 3.0491837 | E30: s2 | F30: =C30*C23/(C23-1) -> 3.0933747
A31: m3 | C31: =C28-3*C27*C26+2*C26^3 -> 7.4542391
A32: m4 | C32: =C29-4*C28*C26+6*C27*C26^2-3*C26^4 -> 45.613763
A33: CA | C33: =C31/C30^1.5 -> 1.3999997
A34: CA'' | C34: =SQRT(C23*(C23-1))/(C23-2)*C33 -> 1.430845
A35: CK | C35: =C32/C30^2-3 -> 1.9060134
A36: CK'' | C36: =(C23-1)/((C23-2)*(C23-3))*((C23+1)*C35+6) -> 2.1403775

Sheet R8.3
A1: 8.3 | C1: Dados contínuos; Amostra;
A3: xmin | B3: =MIN('8.3'!A1:J10) -> 721 | D3: n | E3: =COUNT('8.3'!A1:J10) -> 100
A4: xmax | B4: =MAX('8.3'!A1:J10) -> 764 | D4: K | E4: =SQRT(E3) -> 10
A5: A | B5: =B4-B3 -> 43 | D5: Ak | E5: =B5/E4 -> 4.3
A8: k | B8: LI | C8: LS | D8: Mk | E8: Fk | F8: fk | G8: F'k | H8: f'k | I8: fk.Mk | J8: fk.(Mk-x)2 | K8: fk.(Mk-x)3 | L8: fk.(Mk-x)4
A9: 1 | B9: =B3 -> 721 | C9: =B9+$E$5 -> 725.3 | D9: =(B9+C9)/2 -> 723.15 | E9: {=FREQUENCY('8.3'!A1:J10,'R8.3'!C9:C17)} -> 3 | F9: =E9/$E$19 -> 0.03 | G9: =E9 -> 3 | H9: =F9 -> 0.03 | I9: =D9*F9 -> 21.6945 | J9: =(D9-$I$19)^2*F9 -> 13.264042 | K9: =(D9-$I$19)^3*F9 -> -278.90301 | L9: =(D9-$I$19)^4*F9 -> 5864.4936
A10: 2 | B10: =C9 -> 725.3 | C10: =B10+$E$5 -> 729.6 | D10: =(B10+C10)/2 -> 727.45 | E10: 4 | F10: =E10/$E$19 -> 0.04 | G10: =E10+G9 -> 7 | H10: =F10+H9 -> 0.07 | I10: =D10*F10 -> 29.098 | J10: =(D10-$I$19)^2*F10 -> 11.191701 | K10: =(D10-$I$19)^3*F10 -> -187.20359 | L10: =(D10-$I$19)^4*F10 -> 3131.3544
A11: 3 | B11: =C10 -> 729.6 | C11: =B11+$E$5 -> 733.9 | D11: =(B11+C11)/2 -> 731.75 | E11: 6 | F11: =E11/$E$19 -> 0.06 | G11: =E11+G10 -> 13 | H11: =F11+H10 -> 0.13 | I11: =D11*F11 -> 43.905 | J11: =(D11-$I$19)^2*F11 -> 9.2658197 | K11: =(D11-$I$19)^3*F11 -> -115.14634 | L11: =(D11-$I$19)^4*F11 -> 1430.9236
A12: 4 | B12: =C11 -> 733.9 | C12: =B12+$E$5 -> 738.2 | D12: =(B12+C12)/2 -> 736.05 | E12: 12 | F12: =E12/$E$19 -> 0.12 | G12: =E12+G11 -> 25 | H12: =F12+H11 -> 0.25 | I12: =D12*F12 -> 88.326 | J12: =(D12-$I$19)^2*F12 -> 7.9257755 | K12: =(D12-$I$19)^3*F12 -> -64.412777 | L12: =(D12-$I$19)^4*F12 -> 523.48264
A13: 5 | B13: =C12 -> 738.2 | C13: =B13+$E$5 -> 742.5 | D13: =(B13+C13)/2 -> 740.35 | E13: 14 | F13: =E13/$E$19 -> 0.14 | G13: =E13+G12 -> 39 | H13: =F13+H12 -> 0.39 | I13: =D13*F13 -> 103.649 | J13: =(D13-$I$19)^2*F13 -> 2.0504301 | K13: =(D13-$I$19)^3*F13 -> -7.8469958 | L13: =(D13-$I$19)^4*F13 -> 30.030453
A14: 6 | B14: =C13 -> 742.5 | C14: =B14+$E$5 -> 746.8 | D14: =(B14+C14)/2 -> 744.65 | E14: 14 | F14: =E14/$E$19 -> 0.14 | G14: =E14+G13 -> 53 | H14: =F14+H13 -> 0.53 | I14: =D14*F14 -> 104.251 | J14: =(D14-$I$19)^2*F14 -> 0.03132206 | K14: =(D14-$I$19)^3*F14 -> 0.014815334 | L14: =(D14-$I$19)^4*F14 -> 0.0070076532
A15: 7 | B15: =C14 -> 746.8 | C15: =B15+$E$5 -> 751.1 | D15: =(B15+C15)/2 -> 748.95 | E15: 25 | F15: =E15/$E$19 -> 0.25 | G15: =E15+G14 -> 78 | H15: =F15+H14 -> 0.78 | I15: =D15*F15 -> 187.2375 | J15: =(D15-$I$19)^2*F15 -> 5.6953822 | K15: =(D15-$I$19)^3*F15 -> 27.184059 | L15: =(D15-$I$19)^4*F15 -> 129.74952
A16: 8 | B16: =C15 -> 751.1 | C16: =B16+$E$5 -> 755.4 | D16: =(B16+C16)/2 -> 753.25 | E16: 16 | F16: =E16/$E$19 -> 0.16 | G16: =E16+G15 -> 94 | H16: =F16+H15 -> 0.94 | I16: =D16*F16 -> 120.52 | J16: =(D16-$I$19)^2*F16 -> 13.171093 | K16: =(D16-$I$19)^3*F16 -> 119.50132 | L16: =(D16-$I$19)^4*F16 -> 1084.2355
A17: 9 | B17: =C16 -> 755.4 | C17: =B17+$E$5 -> 759.7 | D17: =(B17+C17)/2 -> 757.55 | E17: 5 | F17: =E17/$E$19 -> 0.05 | G17: =E17+G16 -> 99 | H17: =F17+H16 -> 0.99 | I17: =D17*F17 -> 37.8775 | J17: =(D17-$I$19)^2*F17 -> 8.9418564 | K17: =(D17-$I$19)^3*F17 -> 119.57945 | L17: =(D17-$I$19)^4*F17 -> 1599.1359
A18: 10 | B18: =C17 -> 759.7 | C18: =B18+$E$5 -> 764 | D18: =(B18+C18)/2 -> 761.85 | E18: 1 | F18: =E18/$E$19 -> 0.01 | G18: =E18+G17 -> 100 | H18: =F18+H17 -> 1 | I18: =D18*F18 -> 7.6185 | J18: =(D18-$I$19)^2*F18 -> 3.1233493 | K18: =(D18-$I$19)^3*F18 -> 55.198952 | L18: =(D18-$I$19)^4*F18 -> 975.53108
D19: Soma | E19: =SUM(E9:E18) -> 100 | F19: =SUM(F9:F18) -> 1 | I19: =SUM(I9:I18) -> 744.177 | J19: =SUM(J9:J18) -> 74.660771 | K19: =SUM(K9:K18) -> -332.03411 | L19: =SUM(L9:L18) -> 14768.944
A22: n | C22: =E19 -> 100
A23: Med | C23: =B14+(0.5-H13)/F14*E5 -> 745.87857
A24: Moda | C24: =B15+F24/(F24+I24)*E5 -> 749.165 | E24: d1 | F24: =F15-F14 -> 0.11 | H24: d2 | I24: =F15-F16 -> 0.09
A25: x | C25: =I19 -> 744.177
A26: m2 | C26: =J19 -> 74.660771 | E26: s2 | F26: =C26*C22/(C22-1) -> 75.41492 | H26: s2 | I26: =(J19-E5^2/12)*C22/(C22-1) -> 73.858523 | J26: (Sheppard)
A27: m3 | C27: =K19 -> -332.03411
A28: m4 | C28: =L19 -> 14768.944
A29: CA | C29: =C27/C26^1.5 -> -0.51468795
A30: CA'' | C30: =SQRT(C22*(C22-1))/(C22-2)*C29 -> -0.52255923
A31: CK | C31: =C28/C26^2-3 -> -0.35049653
A32: CK'' | C32: =(C22-1)/((C22-2)*(C22-3))*((C22+1)*C31+6) -> -0.30618712
A34: Utilizando dados desagrupados:
A35: Med | B35: =MEDIAN('8.3'!A1:J10) -> 745
A36: x | B36: =AVERAGE('8.3'!A1:J10) -> 744.29
A37: s2 | B37: =VAR('8.3'!A1:J10) -> 77.218081
A38: CA'' | B38: =SKEW('8.3'!A1:J10) -> -0.48432422
A39: CK'' | B39: =KURT('8.3'!A1:J10) -> -0.20691648

Sheet R8.4
A1: 8.4 | C1: Dados contínuos; População;
A3: xmin | B3: =MIN('8.4'!A1:L5) -> 53 | D3: n | E3: =COUNT('8.4'!A1:L5) -> 60
A4: xmax | B4: =MAX('8.4'!A1:L5) -> 95 | D4: K | E4: =ROUND(SQRT(E3),0) -> 8
A5: A | B5: =B4-B3 -> 42 | D5: Ak | E5: =B5/E4 -> 5.25
A8: k | B8: LI | C8: LS | D8: Mk | E8: Fk | F8: fk | G8: F'k | H8: f'k | I8: Fk.Mk | J8: fk.Mk | K8: fk.(Mk-x)2 | L8: fk.(Mk-x)3 | M8: fk.(Mk-x)4
A9: 1 | B9: =B3 -> 53 | C9: =B9+$E$5 -> 58.25 | D9: =(B9+C9)/2 -> 55.625 | E9: {=FREQUENCY('8.4'!A1:L5,'R8.4'!C9:C17)} -> 3 | F9: =E9/$E$19 -> 0.05 | G9: =E9 -> 3 | H9: =F9 -> 0.05 | I9: =E9*D9 -> 166.875 | J9: =D9*F9 -> 2.78125 | K9: =(D9-$J$19)^2*F9 -> 15.3125 | L9: =(D9-$J$19)^3*F9 -> -267.96875 | M9: =(D9-$J$19)^4*F9 -> 4689.4531
A10: 2 | B10: =C9 -> 58.25 | C10: =B10+$E$5 -> 63.5 | D10: =(B10+C10)/2 -> 60.875 | E10: 10 | F10: =E10/$E$19 -> 0.16666667 | G10: =E10+G9 -> 13 | H10: =F10+H9 -> 0.21666667 | I10: =E10*D10 -> 608.75 | J10: =D10*F10 -> 10.145833 | K10: =(D10-$J$19)^2*F10 -> 25.010417 | L10: =(D10-$J$19)^3*F10 -> -306.3776 | M10: =(D10-$J$19)^4*F10 -> 3753.1257
A11: 3 | B11: =C10 -> 63.5 | C11: =B11+$E$5 -> 68.75 | D11: =(B11+C11)/2 -> 66.125 | E11: 8 | F11: =E11/$E$19 -> 0.13333333 | G11: =E11+G10 -> 21 | H11: =F11+H10 -> 0.35 | I11: =E11*D11 -> 529 | J11: =D11*F11 -> 8.8166667 | K11: =(D11-$J$19)^2*F11 -> 6.5333333 | L11: =(D11-$J$19)^3*F11 -> -45.733333 | M11: =(D11-$J$19)^4*F11 -> 320.13333
A12: 4 | B12: =C11 -> 68.75 | C12: =B12+$E$5 -> 74 | D12: =(B12+C12)/2 -> 71.375 | E12: 13 | F12: =E12/$E$19 -> 0.21666667 | G12: =E12+G11 -> 34 | H12: =F12+H11 -> 0.56666667 | I12: =E12*D12 -> 927.875 | J12: =D12*F12 -> 15.464583 | K12: =(D12-$J$19)^2*F12 -> 0.66354167 | L12: =(D12-$J$19)^3*F12 -> -1.1611979 | M12: =(D12-$J$19)^4*F12 -> 2.0320964
A13: 5 | B13: =C12 -> 74 | C13: =B13+$E$5 -> 79.25 | D13: =(B13+C13)/2 -> 76.625 | E13: 10 | F13: =E13/$E$19 -> 0.16666667 | G13: =E13+G12 -> 44 | H13: =F13+H12 -> 0.73333333 | I13: =E13*D13 -> 766.25 | J13: =D13*F13 -> 12.770833 | K13: =(D13-$J$19)^2*F13 -> 2.0416667 | L13: =(D13-$J$19)^3*F13 -> 7.1458333 | M13: =(D13-$J$19)^4*F13 -> 25.010417
A14: 6 | B14: =C13 -> 79.25 | C14: =B14+$E$5 -> 84.5 | D14: =(B14+C14)/2 -> 81.875 | E14: 6 | F14: =E14/$E$19 -> 0.1 | G14: =E14+G13 -> 50 | H14: =F14+H13 -> 0.83333333 | I14: =E14*D14 -> 491.25 | J14: =D14*F14 -> 8.1875 | K14: =(D14-$J$19)^2*F14 -> 7.65625 | L14: =(D14-$J$19)^3*F14 -> 66.992188 | M14: =(D14-$J$19)^4*F14 -> 586.18164
A15: 7 | B15: =C14 -> 84.5 | C15: =B15+$E$5 -> 89.75 | D15: =(B15+C15)/2 -> 87.125 | E15: 5 | F15: =E15/$E$19 -> 0.083333333 | G15: =E15+G14 -> 55 | H15: =F15+H14 -> 0.91666667 | I15: =E15*D15 -> 435.625 | J15: =D15*F15 -> 7.2604167 | K15: =(D15-$J$19)^2*F15 -> 16.333333 | L15: =(D15-$J$19)^3*F15 -> 228.66667 | M15: =(D15-$J$19)^4*F15 -> 3201.3333
A16: 8 | B16: =C15 -> 89.75 | C16: =B16+$E$5 -> 95 | D16: =(B16+C16)/2 -> 92.375 | E16: 5 | F16: =E16/$E$19 -> 0.083333333 | G16: =E16+G15 -> 60 | H16: =F16+H15 -> 1 | I16: =E16*D16 -> 461.875 | J16: =D16*F16 -> 7.6979167 | K16: =(D16-$J$19)^2*F16 -> 30.880208 | L16: =(D16-$J$19)^3*F16 -> 594.44401 | M16: =(D16-$J$19)^4*F16 -> 11443.047
A17: 9 | B17: =C16 -> 95 | C17: =B17+$E$5 -> 100.25 | D17: =(B17+C17)/2 -> 97.625 | E17: 0 | F17: =E17/$E$19 -> 0 | G17: =E17+G16 -> 60 | H17: =F17+H16 -> 1 | J17: =D17*F17 -> 0 | K17: =(D17-$J$19)^2*F17 -> 0 | L17: =(D17-$J$19)^3*F17 -> 0 | M17: =(D17-$J$19)^4*F17 -> 0
A18: 10 | B18: =C17 -> 100.25 | C18: =B18+$E$5 -> 105.5 | D18: =(B18+C18)/2 -> 102.875 | E18: 0 | F18: =E18/$E$19 -> 0 | G18: =E18+G17 -> 60 | H18: =F18+H17 -> 1 | J18: =D18*F18 -> 0 | K18: =(D18-$J$19)^2*F18 -> 0 | L18: =(D18-$J$19)^3*F18 -> 0 | M18: =(D18-$J$19)^4*F18 -> 0
D19: Soma | E19: =SUM(E9:E18) -> 60 | F19: =SUM(F9:F18) -> 1 | I19: =SUM(I9:I16) -> 4387.5 | J19: =SUM(J9:J18) -> 73.125 | K19: =SUM(K9:K18) -> 104.43125 | L19: =SUM(L9:L18) -> 276.00781 | M19: =SUM(M9:M18) -> 24020.317
A30: n | C30: =E19 -> 60
A31: h | B31: Mediana | C31: =B12+(0.5-H11)/F12*E5 -> 72.384615
A32: z | B32: Moda | C32: =B12+F32/(F32+I32)*E5 -> 72.03125 | E32: d1 | F32: =F12-F11 -> 0.083333333 | H32: d2 | I32: =F12-F13 -> 0.05
A33: m | B33: Media | C33: =J19 -> 73.125
A34: m2 | C34: =K19 -> 104.43125 | E34: m2 | F34: =C34-E5^2/12 -> 102.13437 | G34: (Sheppard)
A35: m3 | C35: =L19 -> 276.00781
A36: m4 | C36: =M19 -> 24020.317
A37: t | C37: =C35/C34^1.5 -> 0.25862807
A38: k | C38: =C36/C34^2-3 -> -0.79749056
A40: Utilizando dados desagrupados:
A41: x | B41: =AVERAGE('8.4'!A1:L5) -> 73.416667
A42: s2 | B42: =VARP('8.4'!A1:L5) -> 108.44306

Sheet R8.5t1
A1: 8.5 | D1: Dados contínuos; População;
A2: Turma 1
A3: xk | C3: Fk | D3: fk | E3: F'k | F3: f'k | G3: fk.xk | H3: fk.xk2
A4: 17 | B4: =CONCATENATE("=",A4) -> =17 | C4: 0 | D4: =C4/$C$15 -> 0 | E4: =C4 -> 0 | F4: =D4 -> 0 | G4: =A4*D4 -> 0 | H4: =A4^2*D4 -> 0
A5: 18 | B5: =CONCATENATE("=",A5) -> =18 | C5: 4 | D5: =C5/$C$15 -> 0.090909091 | E5: =C5+E4 -> 4 | F5: =D5+F4 -> 0.090909091 | G5: =A5*D5 -> 1.6363636 | H5: =A5^2*D5 -> 29.454545
A6: 19 | B6: =CONCATENATE("=",A6) -> =19 | C6: 4 | D6: =C6/$C$15 -> 0.090909091 | E6: =C6+E5 -> 8 | F6: =D6+F5 -> 0.18181818 | G6: =A6*D6 -> 1.7272727 | H6: =A6^2*D6 -> 32.818182
A7: 20 | B7: =CONCATENATE("=",A7) -> =20 | C7: 6 | D7: =C7/$C$15 -> 0.13636364 | E7: =C7+E6 -> 14 | F7: =D7+F6 -> 0.31818182 | G7: =A7*D7 -> 2.7272727 | H7: =A7^2*D7 -> 54.545455
A8: 21 | B8: =CONCATENATE("=",A8) -> =21 | C8: 12 | D8: =C8/$C$15 -> 0.27272727 | E8: =C8+E7 -> 26 | F8: =D8+F7 -> 0.59090909 | G8: =A8*D8 -> 5.7272727 | H8: =A8^2*D8 -> 120.27273
A9: 22 | C9: 10 | D9: =C9/$C$15 -> 0.22727273 | E9: =C9+E8 -> 36 | F9: =D9+F8 -> 0.81818182 | G9: =A9*D9 -> 5 | H9: =A9^2*D9 -> 110
A10: 23 | C10: 8 | D10: =C10/$C$15 -> 0.18181818 | E10: =C10+E9 -> 44 | F10: =D10+F9 -> 1 | G10: =A10*D10 -> 4.1818182 | H10: =A10^2*D10 -> 96.181818
A11: 24 | C11: 0 | D11: =C11/$C$15 -> 0 | E11: =C11+E10 -> 44 | F11: =D11+F10 -> 1 | G11: =A11*D11 -> 0 | H11: =A11^2*D11 -> 0
A12: 25 | B12: =CONCATENATE("=",A12) -> =25 | C12: 0 | D12: =C12/$C$15 -> 0 | E12: =C12+E11 -> 44 | F12: =D12+F11 -> 1 | G12: =A12*D12 -> 0 | H12: =A12^2*D12 -> 0
A13: 26 | B13: =CONCATENATE("=",A13) -> =26 | C13: 0 | D13: =C13/$C$15 -> 0 | E13: =C13+E12 -> 44 | F13: =D13+F12 -> 1 | G13: =A13*D13 -> 0 | H13: =A13^2*D13 -> 0
A14: 27 | B14: =CONCATENATE("=",A14) -> =27 | C14: 0 | D14: =C14/$C$15 -> 0 | E14: =C14+E13 -> 44 | F14: =D14+F13 -> 1 | G14: =A14*D14 -> 0 | H14: =A14^2*D14 -> 0
A15: Soma | C15: =SUM(C4:C14) -> 44 | D15: =SUM(D4:D14) -> 1 | G15: =SUM(G4:G14) -> 21 | H15: =SUM(H4:H14) -> 443.27273
A17: n | C17: =C15 -> 44
A18: h | C18: 20
A19: z | C19: 21
A20: m | C20: =G15 -> 21
A21: s2 | C21: =H15-C20^2 -> 2.2727273

Sheet R8.5t2
A1: 8.5 | D1: Dados contínuos; População;
A2: Turma 2
A3: xk | C3: Fk | D3: fk | E3: F'k | F3: f'k | G3: fk.xk | H3: fk.xk2
A4: 17 | B4: =CONCATENATE("=",A4) -> =17 | C4: 4 | D4: =C4/$C$15 -> 0.090909091 | E4: =C4 -> 4 | F4: =D4 -> 0.090909091 | G4: =A4*D4 -> 1.5454545 | H4: =A4^2*D4 -> 26.272727
A5: 18 | B5: =CONCATENATE("=",A5) -> =18 | C5: 6 | D5: =C5/$C$15 -> 0.13636364 | E5: =C5+E4 -> 10 | F5: =D5+F4 -> 0.22727273 | G5: =A5*D5 -> 2.4545455 | H5: =A5^2*D5 -> 44.181818
A6: 19 | B6: =CONCATENATE("=",A6) -> =19 | C6: 6 | D6: =C6/$C$15 -> 0.13636364 | E6: =C6+E5 -> 16 | F6: =D6+F5 -> 0.36363636 | G6: =A6*D6 -> 2.5909091 | H6: =A6^2*D6 -> 49.227273
A7: 20 | B7: =CONCATENATE("=",A7) -> =20 | C7: 8 | D7: =C7/$C$15 -> 0.18181818 | E7: =C7+E6 -> 24 | F7: =D7+F6 -> 0.54545455 | G7: =A7*D7 -> 3.6363636 | H7: =A7^2*D7 -> 72.727273
A8: 21 | B8: =CONCATENATE("=",A8) -> =21 | C8: 10 | D8: =C8/$C$15 -> 0.22727273 | E8: =C8+E7 -> 34 | F8: =D8+F7 -> 0.77272727 | G8: =A8*D8 -> 4.7727273 | H8: =A8^2*D8 -> 100.22727
A9: 22 | C9: 3 | D9: =C9/$C$15 -> 0.068181818 | E9: =C9+E8 -> 37 | F9: =D9+F8 -> 0.84090909 | G9: =A9*D9 -> 1.5 | H9: =A9^2*D9 -> 33
A10: 23 | C10: 3 | D10: =C10/$C$15 -> 0.068181818 | E10: =C10+E9 -> 40 | F10: =D10+F9 -> 0.90909091 | G10: =A10*D10 -> 1.5681818 | H10: =A10^2*D10 -> 36.068182
A11: 24 | C11: 2 | D11: =C11/$C$15 -> 0.045454545 | E11: =C11+E10 -> 42 | F11: =D11+F10 -> 0.95454545 | G11: =A11*D11 -> 1.0909091 | H11: =A11^2*D11 -> 26.181818
A12: 25 | B12: =CONCATENATE("=",A12) -> =25 | C12: 1 | D12: =C12/$C$15 -> 0.022727273 | E12: =C12+E11 -> 43 | F12: =D12+F11 -> 0.97727273 | G12: =A12*D12 -> 0.56818182 | H12: =A12^2*D12 -> 14.204545
A13: 26 | B13: =CONCATENATE("=",A13) -> =26 | C13: 0 | D13: =C13/$C$15 -> 0 | E13: =C13+E12 -> 43 | F13: =D13+F12 -> 0.97727273 | G13: =A13*D13 -> 0 | H13: =A13^2*D13 -> 0
A14: 27 | B14: =CONCATENATE("=",A14) -> =27 | C14: 1 | D14: =C14/$C$15 -> 0.022727273 | E14: =C14+E13 -> 44 | F14: =D14+F13 -> 1 | G14: =A14*D14 -> 0.61363636 | H14: =A14^2*D14 -> 16.568182
A15: Soma | C15: =SUM(C4:C14) -> 44 | D15: =SUM(D4:D14) -> 1 | G15: =SUM(G4:G14) -> 20.340909 | H15: =SUM(H4:H14) -> 418.65909
A17: n | C17: =C15 -> 44
A18: h | C18: 20
A19: z | C19: 21
A20: m | C20: =G15 -> 20.340909
A21: s2 | C21: =H15-C20^2 -> 4.9065083

Sheet R8.6
A1: m | B1: 20
A2: s | B2: 2
A4: 20.707693 | B4: 19.031637 | C4: 16.839447 | D4: 21.532088 | E4: 19.39803 | F4: 18.323223 | G4: 19.72821 | H4: 19.391861 | I4: 19.199803 | J4: 20.495738 | K4: 17.566395 | L4: 23.92208 | M4: 18.938521 | N4: 20.028101 | O4: 23.795214 | P4: 20.119696 | Q4: 19.988022 | R4: 19.404601 | S4: 18.399777 | T4: 17.43274
A5: 18.546813 | B5: 15.982922 | C5: 17.09537 | D5: 16.304549 | E5: 16.591378 | F5: 21.527092 | G5: 18.628747 | H5: 17.782572 | I5: 17.77015 | J5: 18.924682 | K5: 19.931978 | L5: 21.467818 | M5: 19.485595 | N5: 20.505655 | O5: 20.537813 | P5: 21.649837 | Q5: 18.429985 | R5: 17.967834 | S5: 20.066438 | T5: 21.372234
A6: 20.847897 | B6: 19.140243 | C6: 20.84787 | D6: 20.995076 | E6: 19.141289 | F6: 18.346768 | G6: 18.043415 | H6: 18.40836 | I6: 22.153282 | J6: 16.364857 | K6: 19.929141 | L6: 19.536347 | M6: 20.587307 | N6: 18.16724 | O6: 20.97096 | P6: 19.850289 | Q6: 21.656218 | R6: 20.491231 | S6: 20.67186 | T6: 20.887846
A7: 20.358101 | B7: 20.884777 | C7: 21.022367 | D7: 21.249945 | E7: 17.004526 | F7: 20.608299 | G7: 20.076065 | H7: 19.990718 | I7: 20.218318 | J7: 20.67745 | K7: 19.64231 | L7: 19.813174 | M7: 20.43651 | N7: 21.64743 | O7: 20.646867 | P7: 21.376869 | Q7: 23.266961 | R7: 19.255758 | S7: 21.773199 | T7: 17.364528
A8: 21.336034 | B8: 18.220761 | C8: 18.577816 | D8: 20.548171 | E8: 20.463827 | F8: 18.345154 | G8: 22.536941 | H8: 15.664096 | I8: 19.043448 | J8: 18.804407 | K8: 21.881832 | L8: 20.544753 | M8: 18.268293 | N8: 19.109246 | O8: 21.467027 | P8: 16.220779 | Q8: 20.765356 | R8: 21.968815 | S8: 19.893585 | T8: 18.988634
A9: 17.709984 | B9: 18.617894 | C9: 21.308456 | D9: 19.942012 | E9: 21.620315 | F9: 17.940475 | G9: 21.318054 | H9: 19.007841 | I9: 19.814428 | J9: 17.663362 | K9: 20.594964 | L9: 19.727336 | M9: 19.036346 | N9: 20.627025 | O9: 19.836537 | P9: 21.522446 | Q9: 19.886376 | R9: 18.834162 | S9: 23.363472 | T9: 21.048123
A10: 20.25306 | B10: 19.273067 | C10: 19.511587 | D10: 20.195557 | E10: 21.981054 | F10: 21.986896 | G10: 21.783588 | H10: 24.163116 | I10: 22.268978 | J10: 18.383709 | K10: 18.89381 | L10: 20.428564 | M10: 18.956181 | N10: 22.882465 | O10: 18.391067 | P10: 19.28338 | Q10: 19.676098 | R10: 15.723194 | S10: 19.293904 | T10: 20.873412
A11: 18.392541 | B11: 15.199582 | C11: 21.518265 | D11: 22.660059 | E11: 17.117169 | F11: 20.452966 | G11: 18.313407 | H11: 17.604069 | I11: 20.657136 | J11: 22.023204 | K11: 18.609613 | L11: 18.876686 | M11: 19.151724 | N11: 19.696869 | O11: 23.530863 | P11: 21.904593 | Q11: 18.755954 | R11: 22.526709 | S11: 22.469523 | T11: 21.669898
A12: 17.960803 | B12: 19.919838 | C12: 19.319278 | D12: 21.469949 | E12: 24.267966 | F12: 21.058497 | G12: 18.983721 | H12: 19.849174 | I12: 17.715733 | J12: 21.515091 | K12: 17.244407 | L12: 17.724304 | M12: 19.38872 | N12: 27.117957 | O12: 19.051062 | P12: 18.657364 | Q12: 18.859867 | R12: 20.612226 | S12: 17.845186 | T12: 19.904032
A13: 23.365641 | B13: 21.952521 | C13: 21.789091 | D13: 20.711666 | E13: 19.872829 | F13: 18.797629 | G13: 19.5246 | H13: 22.218997 | I13: 24.088425 | J13: 22.201925 | K13: 22.819017 | L13: 18.850532 | M13: 22.571249 | N13: 19.896082 | O13: 21.079692 | P13: 18.859613 | Q13: 19.580583 | R13: 18.572578 | S13: 17.465305 | T13: 17.536416
A14: 24.89892 | B14: 21.834086 | C14: 19.662668 | D14: 18.999354 | E14: 17.996891 | F14: 18.440115 | G14: 17.338051 | H14: 17.759044 | I14: 21.219103 | J14: 20.985436 | K14: 19.652461 | L14: 20.162535 | M14: 16.303418 | N14: 20.273313 | O14: 19.611356 | P14: 22.284075 | Q14: 20.034732 | R14: 16.707069 | S14: 24.09718 | T14: 16.447967
A15: 21.404719 | B15: 11.821079 | C15: 21.765263 | D15: 16.372133 | E15: 21.35343 | F15: 20.17978 | G15: 19.412127 | H15: 21.365782 | I15: 22.12128 | J15: 23.068401 | K15: 20.603075 | L15: 23.394877 | M15: 23.085129 | N15: 18.049597 | O15: 20.719982 | P15: 19.280429 | Q15: 20.546245 | R15: 24.162222 | S15: 20.429843 | T15: 18.527924
... A28: 20.712417 | B28: 18.993654 | C28: 17.244698 | D28: 21.931875 | E28: 19.460528 | F28: 14.894464 | G28: 18.18513 | H28: 19.070821 | I28: 20.059517 | J28: 18.171249 | K28: 20.455924 | L28: 22.455934 | M28: 19.512725 | N28: 16.33454 | O28: 18.214261 | P28: 21.689443 | Q28: 19.909515 | R28: 19.706401 | S28: 20.004689 | T28: 20.301684
B30: Min | C30: =MIN(dados) -> 11.821079 | E30: Max | F30: =MAX(dados) -> 27.117957 | H30: A | I30: =F30-C30 -> 15.296878 | K30: Ak | L30: =I30/20 -> 0.7648439
A33: k | B33: LI | C33: LS | D33: Mk | E33: Fk | F33: fk | G33: fk(T)
A34: 1 | B34: =C30 -> 11.821079 | C34: =B34+$L$30 -> 12.585923 | D34: =(B34+C34)/2 -> 12.203501 | E34: {=FREQUENCY(dados,C34:C52)} -> 1 | F34: =E34/$E$54 -> 0.002 | G34: =NORMDIST(C34,$B$1,$B$2,1)-NORMDIST(B34,$B$1,$B$2,1) -> 8.322967e-05
A35: =A34+1 -> 2 | B35: =C34 -> 12.585923 | C35: =B35+$L$30 -> 13.350767 | D35: =(B35+C35)/2 -> 12.968345 | E35: 0 | F35: =E35/$E$54 -> 0 | G35: =NORMDIST(C35,$B$1,$B$2,1)-NORMDIST(B35,$B$1,$B$2,1) -> 0.00033785263
A36: =A35+1 -> 3 | B36: =C35 -> 13.350767 | C36: =B36+$L$30 -> 14.115611 | D36: =(B36+C36)/2 -> 13.733189 | E36: 0 | F36: =E36/$E$54 -> 0 | G36: =NORMDIST(C36,$B$1,$B$2,1)-NORMDIST(B36,$B$1,$B$2,1) -> 0.0011867745
A37: =A36+1 -> 4 | B37: =C36 -> 14.115611 | C37: =B37+$L$30 -> 14.880455 | D37: =(B37+C37)/2 -> 14.498033 | E37: 0 | F37: =E37/$E$54 -> 0 | G37: =NORMDIST(C37,$B$1,$B$2,1)-NORMDIST(B37,$B$1,$B$2,1) -> 0.0036075584
A38: =A37+1 -> 5 | B38: =C37 -> 14.880455 | C38: =B38+$L$30 -> 15.645299 | D38: =(B38+C38)/2 -> 15.262877 | E38: 5 | F38: =E38/$E$54 -> 0.01 | G38: =NORMDIST(C38,$B$1,$B$2,1)-NORMDIST(B38,$B$1,$B$2,1) -> 0.0094901742
A39: =A38+1 -> 6 | B39: =C38 -> 15.645299 | C39: =B39+$L$30 -> 16.410143 | D39: =(B39+C39)/2 -> 16.027721 | E39: 10 | F39: =E39/$E$54 -> 0.02 | G39: =NORMDIST(C39,$B$1,$B$2,1)-NORMDIST(B39,$B$1,$B$2,1) -> 0.021605324
A40: =A39+1 -> 7 | B40: =C39 -> 16.410143 | C40: =B40+$L$30 -> 17.174987 | D40: =(B40+C40)/2 -> 16.792565 | E40: 18 | F40: =E40/$E$54 -> 0.036 | G40: =NORMDIST(C40,$B$1,$B$2,1)-NORMDIST(B40,$B$1,$B$2,1) -> 0.042567874
A41: =A40+1 -> 8 | B41: =C40 -> 17.174987 | C41: =B41+$L$30 -> 17.93983 | D41: =(B41+C41)/2 -> 17.557408 | E41: 40 | F41: =E41/$E$54 -> 0.08 | G41: =NORMDIST(C41,$B$1,$B$2,1)-NORMDIST(B41,$B$1,$B$2,1) -> 0.0725847
A42: =A41+1 -> 9 | B42: =C41 -> 17.93983 | C42: =B42+$L$30 -> 18.704674 | D42: =(B42+C42)/2 -> 18.322252 | E42: 54 | F42: =E42/$E$54 -> 0.108 | G42: =NORMDIST(C42,$B$1,$B$2,1)-NORMDIST(B42,$B$1,$B$2,1) -> 0.10711642
A43: =A42+1 -> 10 | B43: =C42 -> 18.704674 | C43: =B43+$L$30 -> 19.469518 | D43: =(B43+C43)/2 -> 19.087096 | E43: 83 | F43: =E43/$E$54 -> 0.166 | G43: =NORMDIST(C43,$B$1,$B$2,1)-NORMDIST(B43,$B$1,$B$2,1) -> 0.13681043
A44: =A43+1 -> 11 | B44: =C43 -> 19.469518 | C44: =B44+$L$30 -> 20.234362 | D44: =(B44+C44)/2 -> 19.85194 | E44: 76 | F44: =E44/$E$54 -> 0.152 | G44: =NORMDIST(C44,$B$1,$B$2,1)-NORMDIST(B44,$B$1,$B$2,1) -> 0.15122976 | J44: Média | K44: =AVERAGE(dados) -> 19.949768
A45: =A44+1 -> 12 | B45: =C44 -> 20.234362 | C45: =B45+$L$30 -> 20.999206 | D45: =(B45+C45)/2 -> 20.616784 | E45: 68 | F45: =E45/$E$54 -> 0.136 | G45: =NORMDIST(C45,$B$1,$B$2,1)-NORMDIST(B45,$B$1,$B$2,1) -> 0.14468097 | J45: Variância | K45: =VAR(dados) -> 3.8986593
A46: =A45+1 -> 13 | B46: =C45 -> 20.999206 | C46: =B46+$L$30 -> 21.76405 | D46: =(B46+C46)/2 -> 21.381628 | E46: 58 | F46: =E46/$E$54 -> 0.116 | G46: =NORMDIST(C46,$B$1,$B$2,1)-NORMDIST(B46,$B$1,$B$2,1) -> 0.11979566 | J46: Mediana | K46: =MEDIAN(dados) -> 19.881928
A47: =A46+1 -> 14 | B47: =C46 -> 21.76405 | C47: =B47+$L$30 -> 22.528894 | D47: =(B47+C47)/2 -> 22.146472 | E47: 36 | F47: =E47/$E$54 -> 0.072 | G47: =NORMDIST(C47,$B$1,$B$2,1)-NORMDIST(B47,$B$1,$B$2,1) -> 0.085846821 | J47: CA'' | K47: =SKEW(dados) -> 0.080411476
A48: =A47+1 -> 15 | B48: =C47 -> 22.528894 | C48: =B48+$L$30 -> 23.293738 | D48: =(B48+C48)/2 -> 22.911316 | E48: 24 | F48: =E48/$E$54 -> 0.048 | G48: =NORMDIST(C48,$B$1,$B$2,1)-NORMDIST(B48,$B$1,$B$2,1) -> 0.053242329 | J48: CK'' | K48: =KURT(dados) -> 0.40589216
A49: =A48+1 -> 16 | B49: =C48 -> 23.293738 | C49: =B49+$L$30 -> 24.058582 | D49: =(B49+C49)/2 -> 23.67616 | E49: 16 | F49: =E49/$E$54 -> 0.032 | G49: =NORMDIST(C49,$B$1,$B$2,1)-NORMDIST(B49,$B$1,$B$2,1) -> 0.028578161
A50: =A49+1 -> 17 | B50: =C49 -> 24.058582 | C50: =B50+$L$30 -> 24.823426 | D50: =(B50+C50)/2 -> 24.441004 | E50: 7 | F50: =E50/$E$54 -> 0.014 | G50: =NORMDIST(C50,$B$1,$B$2,1)-NORMDIST(B50,$B$1,$B$2,1) -> 0.013275446
A51: =A50+1 -> 18 | B51: =C50 -> 24.823426 | C51: =B51+$L$30 -> 25.588269 | D51: =(B51+C51)/2 -> 25.205848 | E51: 3 | F51: =E51/$E$54 -> 0.006 | G51: =NORMDIST(C51,$B$1,$B$2,1)-NORMDIST(B51,$B$1,$B$2,1) -> 0.0053369524
A52: =A51+1 -> 19 | B52: =C51 -> 25.588269 | C52: =B52+$L$30 -> 26.353113 | D52: =(B52+C52)/2 -> 25.970691 | E52: 0 | F52: =E52/$E$54 -> 0 | G52: =NORMDIST(C52,$B$1,$B$2,1)-NORMDIST(B52,$B$1,$B$2,1) -> 0.0018567663
A53: =A52+1 -> 20 | B53: =C52 -> 26.353113 | C53: =B53+$L$30 -> 27.117957 | D53: =(B53+C53)/2 -> 26.735535 | E53: 1 | F53: =E53/$E$54 -> 0.002 | G53: =NORMDIST(C53,$B$1,$B$2,1)-NORMDIST(B53,$B$1,$B$2,1) -> 0.0005590234
A54: Soma | E54: =SUM(E34:E53) -> 500 | F54: =SUM(F34:F53) -> 1 | G54: =SUM(G34:G53) -> 0.99979223
